Model,Training Accuracy,Testing Accuracy,Precision,Recall,F1-Score,AUC-ROC,Features,Overfitting (Train-Test)
Logistic Regression,0.8033707865168539,0.8100558659217877,0.7692307692307693,0.7246376811594203,0.746268656716418,0.8471673254281951,All 11 features,-0.006685079404933791
SVM,0.8455056179775281,0.8268156424581006,0.8275862068965517,0.6956521739130435,0.7559055118110236,0.8383399209486165,All 11 features,0.018689975519427526
Logistic Regression + PCA,0.8033707865168539,0.7988826815642458,0.7391304347826086,0.7391304347826086,0.7391304347826086,0.8444005270092226,8 PCA components,0.004488104952608096
SVM + PCA,0.8356741573033708,0.8324022346368715,0.8095238095238095,0.7391304347826086,0.7727272727272727,0.8420289855072464,8 PCA components,0.0032719226664993384
