Model,Training_Accuracy,Testing_Accuracy,Precision,Recall,F1_Score,AUC_ROC,True_Negatives,False_Positives,False_Negatives,True_Positives,Features_Used
Logistic Regression,0.8033707865168539,0.8100558659217877,0.7692307692307693,0.7246376811594203,0.746268656716418,0.8471673254281951,95,15,19,50,All 11 features
SVM,0.8455056179775281,0.8268156424581006,0.8275862068965517,0.6956521739130435,0.7559055118110236,0.8383399209486165,100,10,21,48,All 11 features
Logistic Regression + PCA,0.8033707865168539,0.7988826815642458,0.7391304347826086,0.7391304347826086,0.7391304347826086,0.8444005270092226,92,18,18,51,8 PCA components
SVM + PCA,0.8356741573033708,0.8324022346368715,0.8095238095238095,0.7391304347826086,0.7727272727272727,0.8420289855072464,98,12,18,51,8 PCA components
